<?xml version="1.0" encoding="UTF-8"?>
<map id="base_NL" version="1.0" strm="">
	<channel id="24Kitchen NL" 								title="(?=24\s*Kitchen(\s*TV)?(\s*HD|\s*UHD)?\s*(BE|NL)$)" strm=""/>
	<channel id="3voor12 NL" 								title="(?=3\s*voor\s*12(\s*TV)?(\s*HD|\s*UHD)?\s*(BE|NL)$)" strm=""/>
	<channel id="AB Moteurs NL" 							title="(?=AB\s*Moteurs(\s*HD|\s*UHD)?\s*(BE|FR)$)" strm=""/>
	<channel id="AB3 NL" 									title="(?=AB\s*3(\s*HD|\s*UHD)?\s*(BE|FR)$)" strm=""/>
	<channel id="ACTION NL" 								title="(?=ACTION(\s*HD|\s*UHD)?\s*(BE|FR)$)" strm=""/>
	<channel id="AMC NL" 									title="(?=AMC(\s*HD|\s*UHD)?\s*(BE|NL|FR|UK|US|)$)" strm=""/>
	<channel id="Al Jazeera NL" 							title="(?=Al\s*Jazeera(\s*English)?(\s*International|Int)?(\s*HD|\s*UHD)?\s*(BE|NL|FR|UK|US|ARB|)$)" strm=""/>
	<channel id="Animal Planet NL" 							title="(?=Animal\s*Planet(\s*HD|\s*UHD)?\s*(BE|NL)$)" strm=""/>
	<channel id="Animaux NL" 								title="(?=Animaux(\s*HD|\s*UHD)?\s*(BE|FR)$)" strm=""/>
	<channel id="Arte Belgique NL" 							title="(?=Arte(\s*HD|\s*UHD)?\s*(BE|FR)$)" strm=""/>
	<channel id="BBC Entertainment NL" 						title="(?=BBC\s*Entertainment(\s*HD|\s*UHD)?\s*(BE|NL)$)" strm=""/>
	<channel id="BBC First NL" 								title="(?=BBC\s*First(\s*HD|\s*UHD)?\s*(BE|NL)$)" strm=""/>
	<channel id="BBC World News NL" 						title="(?=BBC\s*World(\s*News)?(\s*HD|\s*UHD)?\s*(BE|NL|FR|UK|US|)$)" strm=""/>
	<channel id="BRUZZ NL" 									title="(?=Bruzz(\s*HD|\s*UHD)?\s*(BE|NL)$)" strm=""/>
	<channel id="BX1 NL" 									title="(?=BX\s*1(\s*HD|\s*UHD)?\s*(BE|NL)$)" strm=""/>
	<channel id="Baby TV Francais NL" 						title="(?=BABY(\s*TV)?(\s*HD|\s*UHD)?\s*(BE|FR)$)" strm=""/>
	<channel id="Baby TV Nederlandse NL" 					title="(?=BABY(\s*TV)?(\s*HD|\s*UHD)?\s*(BE|NL)$)" strm=""/>
	<channel id="Be Cine NL" 								title="(?=Be\s*Cin.?(\s*HD|\s*UHD)?\s*(BE|FR)$)" strm=""/>
	<channel id="Be Series NL" 								title="(?=Be\s*S.?ries(\s*HD|\s*UHD)?\s*(BE|FR)$)" strm=""/>
	<channel id="Bel RTL NL" 								title="(?=Bel\s*RTL(\s*HD|\s*UHD)?\s*(BE|NL)$)" strm=""/>
	<channel id="Boomerang Francais NL" 					title="(?=Boomerang(\s*TV)?(\s*HD|\s*UHD)?\s*(BE|FR)$)" strm=""/>
	<channel id="Boomerang Nederlandse NL" 					title="(?=Boomerang(\s*TV)?(\s*HD|\s*UHD)?\s*(BE|NL)$)" strm=""/>
	<channel id="CAZ NL" 									title="(?=CAZ(\s*HD|\s*UHD)?\s*(BE|NL)$)" strm=""/>
	<channel id="CNN NL" 									title="(?=CNN(\s*HD|\s*UHD)?\s*((BE|NL)|FR|UK|US|)$)" strm=""/>
	<channel id="Canal J NL" 								title="(?=Canal\s*J(\s*HD|\s*UHD)?\s*(BE|FR)$)" strm=""/>
	<channel id="Canal Z NL" 								title="(?=Canal\s*Z(\s*TV)?(\s*HD|\s*UHD)?\s*(BE|FR)$)" strm=""/>
	<channel id="Canvas NL" 								title="(?=Canvas(\s*HD|\s*UHD)?\s*(BE|NL)$)" strm=""/>
	<channel id="Cartoon Network NL" 						title="(?=Cartoon\s*Network(\s*HD|\s*UHD)?\s*(BE|NL)$)" strm=""/>
	<channel id="Cine+ Classic NL" 							title="(?=Cin.?\s*(\+|PLUS)?\s*Classic(\s*TV)?(\s*HD|\s*UHD)?\s*(BE|FR)$)" strm=""/>
	<channel id="Cine+ Frisson NL" 							title="(?=Cin.?\s*(\+|PLUS)?\s*Frisson(\s*TV)?(\s*HD|\s*UHD)?\s*(BE|FR)$)" strm=""/>
	<channel id="Cine+ Premier NL" 							title="(?=Cin.?\s*(\+|PLUS)?\s*Premier(\s*TV)?(\s*HD|\s*UHD)?\s*(BE|FR)$)" strm=""/>
	<channel id="Club RTL NL" 								title="(?=Club\s*RTL(\s*HD|\s*UHD)?\s*(BE|NL)$)" strm=""/>
	<channel id="Comedy Central NL" 						title="(?=Comedy\s*Central(\s*HD|\s*UHD)?\s*(BE|NL)$)" strm=""/>
	<channel id="DOBBIT TV NL" 								title="(?=Dobbit(\s*TV)?(\s*HD|\s*UHD)?\s*(BE|NL)$)" strm=""/>
	<channel id="Discovery Channel Francais NL" 			title="(?=Discovery(\s*Channel)?(\s*Francais)?(\s*HD|\s*UHD)?\s*(BE|FR)$)" strm=""/>
	<channel id="Discovery Channel Nederlandse NL" 			title="(?=Discovery(\s*Channel)?(\s*HD|\s*UHD)?\s*(BE|NL)$)" strm=""/>
	<channel id="Discovery Science NL" 						title="(?=Discovery\s*Science(\s*HD|\s*UHD)?\s*(BE|NL)$)" strm=""/>
	<channel id="Discovery World NL" 						title="(?=Discovery\s*World(\s*HD|\s*UHD)?\s*(BE|NL)$)" strm=""/>
	<channel id="Disney Channel Francais NL" 				title="(?=Disney(\s*Channel)?(\s*HD|\s*UHD)?\s*(BE|FR)$)" strm=""/>
	<channel id="Disney Channel Nederlandse NL" 			title="(?=Disney(\s*Channel)?(\s*HD|\s*UHD)?\s*(BE|NL)$)" strm=""/>
	<channel id="Disney Cinema NL" 							title="(?=Disney\s*Cinema(\s*HD|\s*UHD)?\s*(BE|FR)$)" strm=""/>
	<channel id="Disney Junior NL" 							title="(?=Disney\s*Junior(\s*HD|\s*UHD)?\s*(BE|NL)$)" strm=""/>
	<channel id="Disney XD Francais NL" 					title="(?=Disney\s*XD(\s*HD|\s*UHD)?\s*(BE|FR)$)" strm=""/>
	<channel id="Disney XD Nederlandse NL" 					title="(?=(Veronica\s*)?(\/\s*)?Disney\s*XD(\s*HD|\s*UHD)?\s*(BE|NL)$)" strm=""/>
	<channel id="E! Entertainment Francais NL" 				title="(?=E(!)?(\s*Entertainment)?(\s*TV)?(\s*HD|\s*UHD)?\s*(BE|FR)$)" strm=""/>
	<channel id="E! Entertainment Nederlandse NL" 			title="(?=E(!)?(\s*Entertainment)?(\s*TV)?(\s*HD|\s*UHD)?\s*(BE|NL)$)" strm=""/>
	<channel id="Eleven Francais NL" 						title="(?=(Eleven|11)(\s*HD|\s*UHD)?\s*FR$)" strm=""/>
	<channel id="Eleven Nederlandse NL" 					title="(?=(Eleven|11)(\s*HD|\s*UHD)?\s*NL$)" strm=""/>
	<channel id="Eleven Sports Francais NL" 				title="(?=(Eleven|11)\s*Sport(s)?(\s*1)?(\s*HD|\s*UHD)?\s*FR$)" strm=""/>
	<channel id="Eleven Sports Nederlandse NL" 				title="(?=(Eleven|11)\s*Sport(s)?(\s*1)?(\s*HD|\s*UHD)?\s*NL$)" strm=""/>
	<channel id="Eleven Sports 3 Francais NL" 				title="(?=(Eleven|11)\s*Sport(s)?\s*3(\s*HD|\s*UHD)?\s*FR$)" strm=""/>
	<channel id="Eleven Sports 3 Nederlandse NL" 			title="(?=(Eleven|11)\s*Sport(s)?\s*3(\s*HD|\s*UHD)?\s*NL$)" strm=""/>
	<channel id="Euronews NL" 								title="(?=Euronews(\s*HD|\s*UHD)?\s*(BE|FR)$)" strm=""/>
	<channel id="Eurosport 1 Francais NL" 					title="(?=Euro\s*sport(\s*1)?(\s*TV)?(\s*HD|\s*UHD)?\s*(BE|FR)$)" strm=""/>
	<channel id="Eurosport 1 Nederlandse NL" 				title="(?=Euro\s*sport(\s*1)?(\s*TV)?(\s*HD|\s*UHD)?\s*(BE|NL)$)" strm=""/>
	<channel id="Eurosport 2 Francais NL" 					title="(?=Euro\s*sport\s*2(\s*TV)?(\s*HD|\s*UHD)?\s*(BE|FR)$)" strm=""/>
	<channel id="Eurosport 2 Nederlandse NL" 				title="(?=Euro\s*sport\s*2(\s*TV)?(\s*HD|\s*UHD)?\s*(BE|NL)$)" strm=""/>
	<channel id="Evenaar NL" 								title="(?=Evenaar(\s*TV)?(\s*HD|\s*UHD)?\s*(BE|NL)$)" strm=""/>
	<channel id="Extreme Sports NL" 						title="(?=Extreme\s*Sports(\s*HD|\s*UHD)?\s*(BE|NL)$)" strm=""/>
	<channel id="Een NL" 									title="(?=.?.?n(\s*TV)?(\s*HD|\s*UHD)?\s*(BE|NL)$)" strm=""/>
	<channel id="FOX NL" 									title="(?=FOX(\s*TV)?(\s*HD|\s*UHD)?\s*(BE|NL)$)" strm=""/>
	<channel id="Fashion TV NL" 							title="(?=Fashion|FTV(\s*TV)?(\s*HD|\s*UHD)?\s*(BE|NL)$)" strm=""/>
	<channel id="Film 1 Action NL" 							title="(?=Film\s*1\s*Action(\s*TV)?(\s*HD|\s*UHD)?\s*(BE|NL)$)" strm=""/>
	<channel id="Film 1 Drama NL" 							title="(?=Film\s*1\s*Drama(\s*TV)?(\s*HD|\s*UHD)?\s*(BE|NL)$)" strm=""/>
	<channel id="Film 1 Family NL" 							title="(?=Film\s*1\s*Family(\s*TV)?(\s*HD|\s*UHD)?\s*(BE|NL)$)" strm=""/>
	<channel id="Film 1 Premiere NL" 						title="(?=Film\s*1\s*Premiere(\s*TV)?(\s*HD|\s*UHD)?\s*(BE|NL)$)" strm=""/>
	<channel id="Film 1 Sundance NL" 						title="(?=Film\s*1\s*Sundance(\s*TV)?(\s*HD|\s*UHD)?\s*(BE|NL)$)" strm=""/>
	<channel id="Food Network NL" 							title="(?=Food\s*Network(\s*HD|\s*UHD)?\s*(BE|NL|UK|)$)" strm=""/>
	<channel id="Fox Sports 2 NL" 							title="(?=Fox\s*Sport(s)?\s*2(\s*TV)?(\s*HD|\s*UHD)?\s*(BE|NL)$)" strm=""/>
	<channel id="Fox Sports 3 NL" 							title="(?=Fox\s*Sport(s)?\s*3(\s*TV)?(\s*HD|\s*UHD)?\s*(BE|NL)$)" strm=""/>
	<channel id="Fox Sports 4 NL" 							title="(?=Fox\s*Sport(s)?\s*4(\s*TV)?(\s*HD|\s*UHD)?\s*(BE|NL)$)" strm=""/>
	<channel id="Fox Sports Eredivisie NL" 					title="(?=Fox\s*Sport(s)?(\s*1)?(\s*Eredivisie)?(\s*TV)?(\s*HD|\s*UHD)?\s*(BE|NL)$)" strm=""/>
	<channel id="France 2 NL" 								title="(?=France\s*2(\s*HD|\s*UHD)?\s*(BE|FR)$)" strm=""/>
	<channel id="France 24 NL" 								title="(?=France\s*24(\s*HD|\s*UHD)?\s*(BE|FR)$)" strm=""/>
	<channel id="France 3 NL" 								title="(?=France\s*3(\s*HD|\s*UHD)?\s*(BE|FR)$)" strm=""/>
	<channel id="France 4 NL" 								title="(?=France\s*4(\s*HD|\s*UHD)?\s*(BE|FR)$)" strm=""/>
	<channel id="France 5 NL" 								title="(?=France\s*5(\s*HD|\s*UHD)?\s*(BE|FR)$)" strm=""/>
	<channel id="Goed TV NL" 								title="(?=Goed(\s*TV)?(\s*HD|\s*UHD)?\s*(BE|NL)$)" strm=""/>
	<channel id="Histoire NL" 								title="(?=HISTOIRE(\s*TV)?(\s*HD|\s*UHD)?\s*FR$)" strm=""/>
	<channel id="History Channel NL" 						title="(?=(H|History)(\s*TV)?\s*HD\s*(BE|NL)$)" strm=""/>
	<channel id="ID NL" 									title="(?=(Investigation|ID)(\s*Discovery)?(\s*TV)?(\s*HD|\s*UHD)?\s*(BE|NL)$)" strm=""/>
	<channel id="KADET NL" 									title="(?=KADET(\s*TV)?(\s*HD|\s*UHD)?\s*(BE|NL)$)" strm=""/>
	<channel id="Kanaal Z NL" 								title="(?=Kanaal\s*Z(\s*TV)?(\s*HD|\s*UHD)?\s*(BE|NL)$)" strm=""/>
	<channel id="Ketnet NL" 								title="(?=Ketnet(\s*TV)?(\s*HD|\s*UHD)?\s*(BE|NL)$)" strm=""/>
	<channel id="LCI NL" 									title="(?=La\s*Cha.?ne(\s*Info|Information)?(\s*TV)?(\s*HD|\s*UHD)?\s*(BE|FR)$)" strm=""/>
	<channel id="La Deux NL" 								title="(?=(A)?(\s*La)(\s*Carte)?(\s*Deux|2)(\s*TV)?(\s*HD|\s*UHD)?\s*(BE|FR)$)" strm=""/>
	<channel id="La Trois NL" 								title="(?=(A)?(\s*La)(\s*Carte)?(\s*Trois|3)(\s*TV)?(\s*HD|\s*UHD)?\s*(BE|FR)$)" strm=""/>
	<channel id="La Une NL" 								title="(?=(A)?(\s*La)(\s*Carte)?\s*Une|1(\s*TV)?(\s*HD|\s*UHD)?\s*(BE|FR)$)" strm=""/>
	<channel id="M6 Boutique NL" 							title="(?=M\s*6\s*Boutique(\s*HD|\s*UHD)?\s*(BE|FR)$)" strm=""/>
	<channel id="MENT TV NL" 								title="(?=MENT(\s*TV)?(\s*HD|\s*UHD)?\s*(BE|NL)$)" strm=""/>
	<channel id="MTV Francais NL" 							title="(?=MTV(\s*HD|\s*UHD)?\s*(BE|FR)$)" strm=""/>
	<channel id="MTV Live NL" 								title="(?=MTV\s*Live(\s*HD|\s*UHD)?\s*(NL|UK|)$)" strm=""/>
	<channel id="MTV Nederlandse NL"						title="(?=MTV(\s*HD|\s*UHD)?\s*(BE|NL)$)" strm=""/>
	<channel id="Mangas NL" 								title="(?=Mangas(\s*HD|\s*UHD)?\s*(BE|FR)$)" strm=""/>
	<channel id="Melody NL" 								title="(?=M.?lody(\s*HD|\s*UHD)?\s*(BE|FR)$)" strm=""/>
	<channel id="Mezzo TV NL" 								title="(?=Mezzo(\s*TV)?(\s*HD|\s*UHD)?\s*(BE|FR)$)" strm=""/>
	<channel id="Motorvision NL" 							title="(?=Motorvision(\s*TV)?(\s*HD|\s*UHD)?\s*(BE|NL)$)" strm=""/>
	<channel id="NET 5 NL" 									title="(?=NET\s*5(\s*TV)?(\s*HD|\s*UHD)?\s*(BE|NL)$)" strm=""/>
	<channel id="NPO 1 NL" 									title="(?=NPO(\s*1)?(\s*TV)?(\s*HD|\s*UHD)?\s*(BE|NL)$)" strm=""/>
	<channel id="NPO 1 Extra NL" 							title="(?=NPO(\s*1)?\s*Extra(\s*TV)?(\s*HD|\s*UHD)?\s*(BE|NL)$)" strm=""/>
	<channel id="NPO 2 NL" 									title="(?=NPO\s*2(\s*TV)?(\s*HD|\s*UHD)?\s*(BE|NL)$)" strm=""/>
	<channel id="NPO 2 Extra NL" 							title="(?=NPO\s*2\s*Extra(\s*TV)?(\s*HD|\s*UHD)?\s*(BE|NL)$)" strm=""/>
	<channel id="NPO 3 NL" 									title="(?=NPO\s*3(\s*TV)?(\s*HD|\s*UHD)?\s*(BE|NL)$)" strm=""/>
	<channel id="NPO 3 Extra NL" 							title="(?=NPO\s*3\s*Extra(\s*TV)?(\s*HD|\s*UHD)?\s*(BE|NL)$)" strm=""/>
	<channel id="Nat Geo Wild NL" 							title="(?=(Nat|National)(\s*Geo|Geographic)\s*Wild\s*HD\s*(BE|NL)$)" strm=""/>
	<channel id="National Geographic HD Francais NL" 		title="(?=National\s*Geographic(\s*HD|\s*UHD)?\s*(BE|FR)$)" strm=""/>
	<channel id="National Geographic HD Nederlandse NL" 	title="(?=National\s*Geographic(\s*HD|\s*UHD)?\s*(BE|NL)$)" strm=""/>
	<channel id="Nick Jr. Francais NL" 						title="(?=(Nickelodeon|Nick)\s*(Jr|Jr.|Junior)(\s*TV)?(\s*HD|\s*UHD)?\s*(BE|FR)$)" strm=""/>
	<channel id="Nick Jr. Nederlandse NL" 					title="(?=(Nickelodeon|Nick)\s*(Jr|Jr.|Junior)(\s*TV)?(\s*HD|\s*UHD)?\s*(BE|NL)$)" strm=""/>
	<channel id="Nick Toons TV NL" 							title="(?=(Nicktoons|Nick\s*Toons)(\s*TV)?(\s*HD|\s*UHD)?\s*(BE|NL)$)" strm=""/>
	<channel id="Nickelodeon NL" 							title="(?=(Nick|Nickelodeon)(\s*TV)?(\s*HD|\s*UHD)?\s*(BE|NL)$)" strm=""/>
	<channel id="Nickelodeon Spike NL" 						title="(?=(Nick|Nickelodeon)(\s*\/)?\s*Spike(\s*Channel)?(\s*TV)?(\s*HD|\s*UHD)?\s*(BE|NL)$)" strm=""/>
	<channel id="Njam! NL" 									title="(?=Njam(\s*HD|\s*UHD)?\s*(BE|NL)$)" strm=""/>
	<channel id="Omroep Brabant NL" 						title="(?=(Omrop|Omroep)\s*Brabant(\s*TV)?(\s*HD|\s*UHD)?\s*(BE|NL)$)" strm=""/>
	<channel id="Omroep Flevoland NL" 						title="(?=(Omrop|Omroep)\s*Flevoland(\s*TV)?(\s*HD|\s*UHD)?\s*(BE|NL)$)" strm=""/>
	<channel id="Omroep Fryslan NL" 						title="(?=(Omrop|Omroep)\s*Frysl.?n(\s*TV)?(\s*HD|\s*UHD)?\s*(BE|NL)$)" strm=""/>
	<channel id="Omroep Gelderland NL" 						title="(?=(Omrop|Omroep)\s*Gelderland(\s*TV)?(\s*HD|\s*UHD)?\s*(BE|NL)$)" strm=""/>
	<channel id="Omroep Zeeland NL" 						title="(?=(Omrop|Omroep)\s*Zeeland(\s*TV)?(\s*HD|\s*UHD)?\s*(BE|NL)$)" strm=""/>
	<channel id="Oranje TV NL" 								title="(?=(TV\s*)?Oranje(\s*TV)?(\s*HD|\s*UHD)?\s*(BE|NL)$)" strm=""/>
	<channel id="PlattelandsTv NL" 							title="(?=Platte\s*lands(\s*TV)?(\s*HD|\s*UHD)?\s*(BE|NL)$)" strm=""/>
	<channel id="Plug RTL NL" 								title="(?=Plug\s*RTL(\s*TV)?(\s*HD|\s*UHD)?\s*(BE|NL)$)" strm=""/>
	<channel id="PureVision NL" 							title="(?=Pure\s*Vision(\s*TV)?(\s*HD|\s*UHD)?\s*(BE|NL)$)" strm=""/>
	<channel id="Q2 NL" 									title="(?=Q\s*2(\s*TV)?(\s*HD|\s*UHD)?\s*(BE|NL)$)" strm=""/>
	<channel id="RFM NL" 									title="(?=RFM(\s*TV)?(\s*HD|\s*UHD)?\s*(BE|FR)$)" strm=""/>
	<channel id="RTL 4 NL" 									title="(?=RTL\s*4(\s*TV)?(\s*HD|\s*UHD)?\s*(BE|NL)$)" strm=""/>
	<channel id="RTL 5 NL" 									title="(?=RTL\s*5(\s*TV)?(\s*HD|\s*UHD)?\s*(BE|NL)$)" strm=""/>
	<channel id="RTL 7 NL" 									title="(?=RTL\s*7(\s*TV)?(\s*HD|\s*UHD)?\s*(BE|NL)$)" strm=""/>
	<channel id="RTL 8 NL" 									title="(?=RTL\s*8(\s*TV)?(\s*HD|\s*UHD)?\s*(BE|NL)$)" strm=""/>
	<channel id="RTL TVI NL" 								title="(?=RTL\s*TVI(\s*TV)?(\s*HD|\s*UHD)?\s*(BE|NL)$)" strm=""/>
	<channel id="RTL Z NL" 									title="(?=RTL\s*Z(\s*TV)?(\s*HD|\s*UHD)?\s*(BE|NL)$)" strm=""/>
	<channel id="RTV Drenthe NL" 							title="(?=RTV\s*Drenthe(\s*TV)?(\s*HD|\s*UHD)?\s*(BE|NL)$)" strm=""/>
	<channel id="RTV Noord Holland NL" 						title="(?=RTV\s*Noord(\s*Holland)?(\s*TV)?(\s*HD|\s*UHD)?\s*(BE|NL)$)" strm=""/>
	<channel id="RTV Oost NL" 								title="(?=RTV\s*Oo(o)?st(\s*TV)?(\s*HD|\s*UHD)?\s*(BE|NL)$)" strm=""/>
	<channel id="RTV Rijnmond NL" 							title="(?=RTV\s*Rijnmond(\s*TV)?(\s*HD|\s*UHD)?\s*(BE|NL)$)" strm=""/>
	<channel id="RTV Utrecht NL" 							title="(?=RTV\s*Utrecht(\s*TV)?(\s*HD|\s*UHD)?\s*(BE|NL)$)" strm=""/>
	<channel id="RTV West NL" 								title="(?=RTV\s*West(\s*TV)?(\s*HD|\s*UHD)?\s*(BE|NL)$)" strm=""/>
	<channel id="Radio Contact Vision NL" 					title="(?=(Radio|R)\s*Contact\s*Vision(\s*TV)?(\s*HD|\s*UHD)?\s*(BE|NL)$)" strm=""/>
	<channel id="SBS 6 NL" 									title="(?=SBS\s*6(\s*TV)?(\s*HD|\s*UHD)?\s*(BE|NL)$)" strm=""/>
	<channel id="SBS 9 NL" 									title="(?=SBS\s*9(\s*TV)?(\s*HD|\s*UHD)?\s*(BE|NL)$)" strm=""/>
	<channel id="Science &amp; Vie TV NL" 					title="(?=(SCIENCE)(\s*ET)?(\s*VIE)(\s*TV)?(\s*HD|\s*UHD)?\s*(BE|FR)$)" strm=""/>
	<channel id="Stingray Specials NL" 						title="(?=Stingray(\s*Specials)?(\s*iConcerts)?(\s*TV)?(\s*HD|\s*UHD)?\s*(BE|NL)$)" strm=""/>
	<channel id="Studio 100 TV Francais NL" 				title="(?=Studio\s*100(\s*TV)?(\s*HD|\s*UHD)?\s*(BE|FR)$)" strm=""/>
	<channel id="Studio 100 TV Nederlandse NL" 				title="(?=Studio\s*100(\s*TV)?(\s*HD|\s*UHD)?\s*(BE|NL)$)" strm=""/>
	<channel id="Sundance TV NL" 							title="(?=Sundance(\s*TV)?(\s*HD|\s*UHD)?\s*(BE|NL|US|)$)" strm=""/>
	<channel id="TCM Cinema NL" 							title="(?=TCM(\s*Cin.?ma)?(\s*TV)?(\s*HD|\s*UHD)?\s*(BE|FR)$)" strm=""/>
	<channel id="TF1 HD NL" 								title="(?=TF\s*1(\s*TV)?(\s*HD|\s*UHD)?\s*(BE|FR)$)" strm=""/>
	<channel id="TLC NL" 									title="(?=TLC(\s*TV)?(\s*HD|\s*UHD)?\s*(BE|NL)$)" strm=""/>
	<channel id="TV Breizh NL" 								title="(?=(\s*TV)?Breizh(\s*HD|\s*UHD)?\s*(BE|FR)$)" strm=""/>
	<channel id="TV5 Monde NL" 								title="(?=(\s*TV)?5\s*Monde(\s*HD|\s*UHD)?\s*(BE|FR)$)" strm=""/>
	<channel id="Tiji NL" 									title="(?=Tiji(\s*HD|\s*UHD)?\s*(BE|FR)$)" strm=""/>
	<channel id="Trace Urban NL" 							title="(?=Trace\s*Urban(\s*HD|\s*UHD)?\s*(BE|FR)$)" strm=""/>
	<channel id="Travel Channel NL" 						title="(?=Travel(\s*Channel)?(\s*HD|\s*UHD)?\s*(BE|NL)$)" strm=""/>
	<channel id="Ushuaia TV NL" 							title="(?=Ushua.?a(\s*TV)?(\s*HD|\s*UHD)?\s*(BE|FR)$)" strm=""/>
	<channel id="VH1 NL" 									title="(?=VH1(\s*TV)?(\s*HD|\s*UHD)?\s*(BE|NL)$)" strm=""/>
	<channel id="VIER NL" 									title="(?=VIER|4(\s*TV)?(\s*HD|\s*UHD)?\s*(BE|NL)$)" strm=""/>
	<channel id="VIJF NL" 									title="(?=VIJF(\s*TV)?(\s*HD|\s*UHD)?\s*(BE|NL)$)" strm=""/>
	<channel id="VTM NL" 									title="(?=VTM(\s*TV)?(\s*HD|\s*UHD)?\s*(BE|NL)$)" strm=""/>
	<channel id="Viceland Francais NL" 						title="(?=Viceland(\s*TV)?(\s*HD|\s*UHD)?\s*(BE|FR)$)" strm=""/>
	<channel id="Viceland Nederlandse NL" 					title="(?=Viceland(\s*TV)?(\s*HD|\s*UHD)?\s*NL$)" strm=""/>
	<channel id="Vitaya NL" 								title="(?=Vitaya(\s*TV)?(\s*HD|\s*UHD)?\s*(BE|NL)$)" strm=""/>
	<channel id="Voyage NL" 								title="(?=Voyage(\s*TV)?(\s*HD|\s*UHD)?\s*(BE|FR)$)" strm=""/>
	<channel id="ZES NL" 									title="(?=ZES(\s*TV)?(\s*HD|\s*UHD)?\s*(BE|NL)$)" strm=""/>
	<channel id="Ziggo Sport NL" 							title="(?=Ziggo\s*Sport(s)?(\s*TV)?(\s*HD|\s*UHD)?\s*(BE|NL)$)" strm=""/>
	<channel id="Ziggo Sport Golf NL" 						title="(?=Ziggo\s*Sport(s)?\s*Golf(\s*TV)?(\s*HD|\s*UHD)?\s*(BE|NL)$)" strm=""/>
	<channel id="Ziggo Sport Racing NL" 					title="(?=Ziggo\s*Sport(s)?\s*Racing(\s*TV)?(\s*HD|\s*UHD)?\s*(BE|NL)$)" strm=""/>
	<channel id="Ziggo Sport Select NL" 					title="(?=Ziggo\s*Sport(s)?\s*Select(\s*TV)?(\s*HD|\s*UHD)?\s*(BE|NL)$)" strm=""/>
	<channel id="vlaamsparlement.tv NL" 					title="(?=vlaams\s*parlement(\.)?(\s*TV)?(\s*HD|\s*UHD)?\s*(BE|NL)$)" strm=""/>
	<channel id="vtmKzoom NL" 								title="(?=vtm\s*K(a)?\s*zoom(\s*TV)?(\s*HD|\s*UHD)?\s*(BE|NL)$)" strm=""/>
	
	<category name="Movie" 									tags="Actie|Actiekomedie|Action|Aventure|Avontuur|Bioscoop|Cinema|Cinéma|Comedy|Comedie|Comédie|Detective|Drama|Drame|Familie|Fantastique|Fantasy|Horreur|Horror|Jeugd|Komedie|Kortfilm|Melodrame|Misdaad|Occidental|Oorlog|Romance|Romantiek|Romantische komedie|Science-fiction|Thriller|Tragikomedie|Westelijke"/>
	<category name="Series" 								tags="Actieserie|Comedyserie|Detectiveserie|Documentaireserie|Dramaserie|Horrorserie|Jeugdserie|Komische dramaserie|Misdaadserie|Series|Serie|Soap"/>
	<category name="Information" 							tags="Actualiteiten|Affaires|Binnenlandse|Conseils|Dagelijks|Dienstmededeling|Discussieprogramma|Economie|Informations|Informatief programma|Interêt|Interviewprogramma|It|Juridisch programma|Le|Media|Medias|Nieuwsbulletin|Nieuwsprogramma|Praatprogramma|Previsions|Prévisions|Rechtstreeks verslag|Reportage|Sportnieuws|Verslag|Weerbericht"/>
	<category name="Entertainment" 							tags="Amusement|Blues|Concours|Danse|Dating|Datingprogramma|Divertissement|Electronisch|Jeugdprogramma|Klusprogramma|Lifestyleprogramma|Mode|Musical|Musique|Muziek|Muziekprogramma|Opera|Opéra|Pop-rock|Quiz|Reality|Realityprogramma|Realityserie|Registratie|Sketches|Showbizz|Spel|Spelprogramma|Spelshow|Stand-up comedy|Talkshow|Theâtre|Wedstrijd"/>
	<category name="Document" 								tags="Adviesprogramma|Arts|Auto|Biografie|Biographie|Culture|Cultuur|Dieren|Documentaire|Filosofie|Geschiedenis|Geschiedenisprogramma|Guerre|Histoire|Historique|Historisch|Huizen|Human|Intérêt|Kunsten|Kunst en cultuur|Kunstprogramma|Literatuur|Lus|Menswetenschappen|Nature|Natuur|Natuurprogramma|Portret|Ramp|Reizen|Religie|Religion|Religieus programma|Reportageserie|Science|Sciences|Technologie|Wetenschappen"/>
	<category name="Kids" 									tags="Animatie|Animatieserie|Cine-mini|Ciné-mini|Kinderprogramma"/>
	<category name="Sport" 									tags="Alpinisme|Autorace|Basket-ball|Basketbal|Course|Cyclisme|Danse sur glace|Football|Formule|Ijsdansen|Krijgskunst|Motorsport|Mountainbike|Paardensport|Rally|Snooker|Sport|Sportif|Sports|Sportprogramma|Tafeltennis|Vechtsporten|Voetbal|Volleybal|Wedstrijdzeilen|Wegrennen|Wintersport|Yatching|Zeilsport"/>
	<category name="Interactive Entertainment" 				tags="Algemeen|Algemene|Aliments|Bakwedstrijd|Boucle|Buitenlandse|Consumentenprogramma|Culinair programma|Cuisiner|Doe|Drinken|Eigentijds|Erotiek|Erotique|Eten|Experimentele|Geneeskunde|Gezondheid|Interruption|Jardinage|Koken|Kookprogramma|Kookwedstrijd|Licht|Local|Loisirs|Lokaal|Maisons|Medisch|Medisch programma|Middle-of-the-road|Non-fiction|Overige|Ouderschap|Pancarte|Parentage|Personnel|Persoonlijk|Piscine|Programma|Programma volgt|Proprietary|Renovations|Reisprogramma|Samenvatting|Schoonheid|Trials|Tuinierprogramma|Vissen|Voyage|Vrije|Webcam|Zenderonderbreking|Woonprogramma"/>
</map>
